ID Transaksi,Tanggal,Kota Customer,Kategori,Nama Produk,Harga Satuan (IDR),Jumlah,Total Penjualan (IDR),Metode Pembayaran,Status Pesanan
TRX-2026-0001,2025-04-13,Medan,Elektronik,Wireless Earbuds,750000,5,3750000,COD,Dibatalkan
TRX-2026-0002,2025-05-02,Bandung,Peralatan Rumah,Blender Multi-fungsi,450000,3,1350000,COD,Selesai
TRX-2026-0003,2025-05-11,Makassar,Elektronik,Laptop Workstation,12500000,4,50000000,QRIS,Selesai
TRX-2026-0004,2025-10-04,Jakarta,Kecantikan & Kesehatan,Sunscreen SPF 50,120000,5,600000,Kartu Kredit,Selesai
TRX-2026-0005,2026-07-15,Bandung,Peralatan Rumah,Vacuum Cleaner Robot,2400000,4,9600000,Kartu Kredit,Dibatalkan
TRX-2026-0006,2025-07-09,Makassar,Peralatan Rumah,Blender Multi-fungsi,450000,4,1800000,Kartu Kredit,Selesai
TRX-2026-0007,2025-05-11,Semarang,Peralatan Rumah,Set Alat Masak,600000,1,600000,QRIS,Selesai
TRX-2026-0008,2025-11-12,Makassar,Pakaian & Fashion,Jaket Denim,450000,1,450000,QRIS,Dalam Pengiriman
TRX-2026-0009,2025-12-06,Medan,Peralatan Rumah,Kipas Angin Digital,380000,4,1520000,COD,Dibatalkan
TRX-2026-0010,2025-02-04,Makassar,Elektronik,Smartwatch,1800000,2,3600000,Kartu Kredit,Selesai
TRX-2026-0011,2026-01-25,Makassar,Pakaian & Fashion,Tas Ransel Laptop,350000,5,1750000,QRIS,Selesai
TRX-2026-0012,2026-07-10,Surabaya,Pakaian & Fashion,Tas Ransel Laptop,350000,4,1400000,Transfer Bank,Diproses
TRX-2026-0013,2025-10-23,Semarang,Kecantikan & Kesehatan,Diffuser Aromaterapi,220000,2,440000,COD,Selesai
TRX-2026-0014,2025-08-05,Medan,Kecantikan & Kesehatan,Vitamin Multivitamin,180000,5,900000,Transfer Bank,Dalam Pengiriman
TRX-2026-0015,2025-01-15,Semarang,Elektronik,Smartphone 5G,4500000,1,4500000,Transfer Bank,Selesai
TRX-2026-0016,2026-04-17,Denpasar,Peralatan Rumah,Blender Multi-fungsi,450000,1,450000,E-Wallet,Selesai
TRX-2026-0017,2025-10-16,Bandung,Elektronik,Laptop Workstation,12500000,2,25000000,Transfer Bank,Selesai
TRX-2026-0018,2025-05-15,Jakarta,Kecantikan & Kesehatan,Vitamin Multivitamin,180000,2,360000,Transfer Bank,Dibatalkan
TRX-2026-0019,2026-02-11,Makassar,Kecantikan & Kesehatan,Diffuser Aromaterapi,220000,3,660000,Kartu Kredit,Diproses
TRX-2026-0020,2026-07-01,Jakarta,Peralatan Rumah,Set Alat Masak,600000,3,1800000,Transfer Bank,Dalam Pengiriman
TRX-2026-0021,2025-08-06,Denpasar,Peralatan Rumah,Blender Multi-fungsi,450000,1,450000,QRIS,Selesai
TRX-2026-0022,2026-04-06,Bandung,Peralatan Rumah,Air Fryer 4L,850000,4,3400000,COD,Selesai
TRX-2026-0023,2026-04-30,Denpasar,Peralatan Rumah,Set Alat Masak,600000,3,1800000,COD,Selesai
TRX-2026-0024,2026-06-09,Yogyakarta,Peralatan Rumah,Blender Multi-fungsi,450000,3,1350000,Kartu Kredit,Selesai
TRX-2026-0025,2026-07-11,Makassar,Elektronik,Monitor 27-inch,3200000,4,12800000,Kartu Kredit,Selesai
TRX-2026-0026,2026-07-10,Medan,Pakaian & Fashion,Sepatu Sneakers,850000,2,1700000,Kartu Kredit,Selesai
TRX-2026-0027,2025-08-19,Makassar,Elektronik,Smartphone 5G,4500000,1,4500000,E-Wallet,Diproses
TRX-2026-0028,2025-09-16,Denpasar,Pakaian & Fashion,Sepatu Sneakers,850000,1,850000,COD,Selesai
TRX-2026-0029,2025-08-22,Medan,Kecantikan & Kesehatan,Paket Skincare Set,450000,1,450000,Kartu Kredit,Selesai
TRX-2026-0030,2026-05-12,Surabaya,Kecantikan & Kesehatan,Vitamin Multivitamin,180000,2,360000,E-Wallet,Selesai
TRX-2026-0031,2025-03-22,Bandung,Elektronik,Laptop Workstation,12500000,2,25000000,Kartu Kredit,Diproses
TRX-2026-0032,2025-08-13,Jakarta,Peralatan Rumah,Vacuum Cleaner Robot,2400000,5,12000000,Kartu Kredit,Selesai
TRX-2026-0033,2026-02-20,Denpasar,Kecantikan & Kesehatan,Paket Skincare Set,450000,3,1350000,Transfer Bank,Dibatalkan
TRX-2026-0034,2025-10-21,Yogyakarta,Elektronik,Smartwatch,1800000,2,3600000,E-Wallet,Dibatalkan
TRX-2026-0035,2025-05-24,Jakarta,Elektronik,Smartwatch,1800000,3,5400000,COD,Selesai
TRX-2026-0036,2026-02-07,Surabaya,Peralatan Rumah,Blender Multi-fungsi,450000,4,1800000,Kartu Kredit,Selesai
TRX-2026-0037,2026-07-05,Surabaya,Kecantikan & Kesehatan,Serum Wajah Vitamin C,150000,3,450000,Kartu Kredit,Selesai
TRX-2026-0038,2026-04-18,Surabaya,Peralatan Rumah,Vacuum Cleaner Robot,2400000,3,7200000,Kartu Kredit,Selesai
TRX-2026-0039,2026-07-26,Jakarta,Pakaian & Fashion,Kemeja Formal,250000,4,1000000,COD,Dalam Pengiriman
TRX-2026-0040,2025-06-09,Bandung,Peralatan Rumah,Air Fryer 4L,850000,1,850000,E-Wallet,Selesai
TRX-2026-0041,2025-07-27,Bandung,Kecantikan & Kesehatan,Serum Wajah Vitamin C,150000,4,600000,E-Wallet,Selesai
TRX-2026-0042,2026-02-24,Makassar,Kecantikan & Kesehatan,Vitamin Multivitamin,180000,3,540000,Transfer Bank,Selesai
TRX-2026-0043,2025-06-02,Semarang,Pakaian & Fashion,Jaket Denim,450000,2,900000,E-Wallet,Dalam Pengiriman
TRX-2026-0044,2025-06-10,Medan,Elektronik,Monitor 27-inch,3200000,4,12800000,E-Wallet,Selesai
TRX-2026-0045,2025-02-02,Yogyakarta,Kecantikan & Kesehatan,Paket Skincare Set,450000,3,1350000,COD,Selesai
TRX-2026-0046,2026-03-14,Yogyakarta,Peralatan Rumah,Blender Multi-fungsi,450000,2,900000,COD,Diproses
TRX-2026-0047,2025-10-11,Denpasar,Kecantikan & Kesehatan,Serum Wajah Vitamin C,150000,5,750000,Kartu Kredit,Dalam Pengiriman
TRX-2026-0048,2026-05-31,Bandung,Kecantikan & Kesehatan,Serum Wajah Vitamin C,150000,1,150000,Kartu Kredit,Selesai
TRX-2026-0049,2025-06-07,Semarang,Pakaian & Fashion,Gaun Casual,300000,3,900000,Kartu Kredit,Selesai
TRX-2026-0050,2025-02-06,Yogyakarta,Elektronik,Smartphone 5G,4500000,5,22500000,E-Wallet,Selesai
TRX-2026-0051,2025-04-26,Denpasar,Elektronik,Monitor 27-inch,3200000,1,3200000,E-Wallet,Selesai
TRX-2026-0052,2026-07-20,Surabaya,Peralatan Rumah,Vacuum Cleaner Robot,2400000,2,4800000,E-Wallet,Selesai
TRX-2026-0053,2026-01-21,Surabaya,Elektronik,Smartphone 5G,4500000,1,4500000,E-Wallet,Diproses
TRX-2026-0054,2025-06-25,Denpasar,Elektronik,Laptop Workstation,12500000,2,25000000,E-Wallet,Selesai
TRX-2026-0055,2026-02-12,Semarang,Kecantikan & Kesehatan,Sunscreen SPF 50,120000,1,120000,Kartu Kredit,Dalam Pengiriman
TRX-2026-0056,2025-01-20,Jakarta,Kecantikan & Kesehatan,Vitamin Multivitamin,180000,3,540000,Kartu Kredit,Selesai
TRX-2026-0057,2025-02-20,Jakarta,Pakaian & Fashion,Gaun Casual,300000,2,600000,QRIS,Diproses
TRX-2026-0058,2025-11-01,Medan,Pakaian & Fashion,Sepatu Sneakers,850000,4,3400000,COD,Selesai
TRX-2026-0059,2025-09-21,Semarang,Kecantikan & Kesehatan,Vitamin Multivitamin,180000,4,720000,COD,Dibatalkan
TRX-2026-0060,2025-07-15,Makassar,Elektronik,Smartwatch,1800000,3,5400000,Kartu Kredit,Dalam Pengiriman
TRX-2026-0061,2026-01-05,Medan,Pakaian & Fashion,Sepatu Sneakers,850000,1,850000,E-Wallet,Selesai
TRX-2026-0062,2025-02-27,Denpasar,Pakaian & Fashion,Gaun Casual,300000,2,600000,COD,Diproses
TRX-2026-0063,2025-05-07,Jakarta,Kecantikan & Kesehatan,Diffuser Aromaterapi,220000,1,220000,QRIS,Selesai
TRX-2026-0064,2026-05-28,Denpasar,Pakaian & Fashion,Kemeja Formal,250000,5,1250000,COD,Selesai
TRX-2026-0065,2025-09-29,Semarang,Peralatan Rumah,Set Alat Masak,600000,5,3000000,E-Wallet,Selesai
TRX-2026-0066,2025-06-03,Yogyakarta,Peralatan Rumah,Set Alat Masak,600000,1,600000,COD,Diproses
TRX-2026-0067,2025-08-08,Semarang,Peralatan Rumah,Air Fryer 4L,850000,4,3400000,COD,Selesai
TRX-2026-0068,2025-08-06,Surabaya,Kecantikan & Kesehatan,Diffuser Aromaterapi,220000,4,880000,Transfer Bank,Diproses
TRX-2026-0069,2025-12-23,Denpasar,Pakaian & Fashion,Jaket Denim,450000,5,2250000,Kartu Kredit,Selesai
TRX-2026-0070,2025-06-29,Denpasar,Pakaian & Fashion,Jaket Denim,450000,3,1350000,QRIS,Selesai
TRX-2026-0071,2025-11-21,Semarang,Kecantikan & Kesehatan,Sunscreen SPF 50,120000,1,120000,Kartu Kredit,Selesai
TRX-2026-0072,2026-01-15,Jakarta,Elektronik,Monitor 27-inch,3200000,3,9600000,E-Wallet,Dalam Pengiriman
TRX-2026-0073,2025-09-25,Bandung,Elektronik,Smartphone 5G,4500000,2,9000000,E-Wallet,Selesai
TRX-2026-0074,2025-10-12,Semarang,Kecantikan & Kesehatan,Sunscreen SPF 50,120000,5,600000,E-Wallet,Selesai
TRX-2026-0075,2025-02-04,Denpasar,Elektronik,Laptop Workstation,12500000,5,62500000,QRIS,Selesai
TRX-2026-0076,2026-02-22,Bandung,Elektronik,Smartwatch,1800000,2,3600000,COD,Selesai
TRX-2026-0077,2026-05-08,Bandung,Elektronik,Smartwatch,1800000,1,1800000,COD,Dalam Pengiriman
TRX-2026-0078,2026-01-29,Semarang,Elektronik,Wireless Earbuds,750000,1,750000,E-Wallet,Selesai
TRX-2026-0079,2025-04-06,Yogyakarta,Peralatan Rumah,Set Alat Masak,600000,4,2400000,Transfer Bank,Dibatalkan
TRX-2026-0080,2026-06-09,Denpasar,Elektronik,Wireless Earbuds,750000,1,750000,Transfer Bank,Selesai
TRX-2026-0081,2025-03-03,Medan,Kecantikan & Kesehatan,Serum Wajah Vitamin C,150000,5,750000,E-Wallet,Selesai
TRX-2026-0082,2025-06-26,Medan,Kecantikan & Kesehatan,Diffuser Aromaterapi,220000,1,220000,E-Wallet,Selesai
TRX-2026-0083,2025-09-22,Denpasar,Kecantikan & Kesehatan,Vitamin Multivitamin,180000,3,540000,QRIS,Dibatalkan
TRX-2026-0084,2025-05-24,Semarang,Elektronik,Wireless Earbuds,750000,4,3000000,Transfer Bank,Selesai
TRX-2026-0085,2026-04-14,Medan,Elektronik,Smartphone 5G,4500000,5,22500000,COD,Selesai
TRX-2026-0086,2025-07-05,Denpasar,Pakaian & Fashion,Jaket Denim,450000,5,2250000,E-Wallet,Dibatalkan
TRX-2026-0087,2025-08-23,Bandung,Pakaian & Fashion,Tas Ransel Laptop,350000,1,350000,QRIS,Selesai
TRX-2026-0088,2026-05-07,Jakarta,Elektronik,Monitor 27-inch,3200000,2,6400000,Transfer Bank,Selesai
TRX-2026-0089,2025-07-13,Semarang,Elektronik,Monitor 27-inch,3200000,3,9600000,COD,Selesai
TRX-2026-0090,2025-12-08,Medan,Elektronik,Smartphone 5G,4500000,5,22500000,Kartu Kredit,Selesai
TRX-2026-0091,2025-03-11,Medan,Peralatan Rumah,Blender Multi-fungsi,450000,5,2250000,Kartu Kredit,Diproses
TRX-2026-0092,2025-06-16,Bandung,Pakaian & Fashion,Jaket Denim,450000,3,1350000,E-Wallet,Dalam Pengiriman
TRX-2026-0093,2025-08-08,Makassar,Pakaian & Fashion,Tas Ransel Laptop,350000,4,1400000,COD,Dibatalkan
TRX-2026-0094,2025-12-27,Denpasar,Elektronik,Wireless Earbuds,750000,5,3750000,Kartu Kredit,Diproses
TRX-2026-0095,2026-05-20,Denpasar,Kecantikan & Kesehatan,Serum Wajah Vitamin C,150000,1,150000,Transfer Bank,Diproses
TRX-2026-0096,2025-04-27,Makassar,Pakaian & Fashion,Tas Ransel Laptop,350000,5,1750000,COD,Dalam Pengiriman
TRX-2026-0097,2025-05-29,Yogyakarta,Pakaian & Fashion,Gaun Casual,300000,3,900000,Kartu Kredit,Dalam Pengiriman
TRX-2026-0098,2025-08-15,Bandung,Kecantikan & Kesehatan,Serum Wajah Vitamin C,150000,2,300000,Transfer Bank,Selesai
TRX-2026-0099,2026-06-10,Denpasar,Peralatan Rumah,Air Fryer 4L,850000,5,4250000,E-Wallet,Dibatalkan
TRX-2026-0100,2025-01-12,Surabaya,Kecantikan & Kesehatan,Vitamin Multivitamin,180000,4,720000,COD,Selesai
TRX-2026-0101,2025-12-14,Medan,Pakaian & Fashion,Jaket Denim,450000,4,1800000,QRIS,Selesai
TRX-2026-0102,2025-02-10,Medan,Kecantikan & Kesehatan,Paket Skincare Set,450000,1,450000,Transfer Bank,Selesai
TRX-2026-0103,2026-04-06,Medan,Kecantikan & Kesehatan,Diffuser Aromaterapi,220000,5,1100000,E-Wallet,Dalam Pengiriman
TRX-2026-0104,2026-01-25,Surabaya,Peralatan Rumah,Set Alat Masak,600000,1,600000,QRIS,Selesai
TRX-2026-0105,2025-08-30,Bandung,Elektronik,Monitor 27-inch,3200000,1,3200000,Transfer Bank,Selesai
TRX-2026-0106,2025-08-12,Denpasar,Elektronik,Wireless Earbuds,750000,5,3750000,QRIS,Dibatalkan
TRX-2026-0107,2025-08-05,Makassar,Peralatan Rumah,Blender Multi-fungsi,450000,1,450000,COD,Selesai
TRX-2026-0108,2025-04-15,Bandung,Peralatan Rumah,Air Fryer 4L,850000,5,4250000,Kartu Kredit,Selesai
TRX-2026-0109,2026-03-13,Denpasar,Elektronik,Monitor 27-inch,3200000,5,16000000,QRIS,Selesai
TRX-2026-0110,2025-03-24,Jakarta,Elektronik,Smartphone 5G,4500000,1,4500000,E-Wallet,Dalam Pengiriman
TRX-2026-0111,2026-03-22,Jakarta,Elektronik,Laptop Workstation,12500000,4,50000000,QRIS,Selesai
TRX-2026-0112,2026-03-14,Makassar,Peralatan Rumah,Blender Multi-fungsi,450000,2,900000,Kartu Kredit,Selesai
TRX-2026-0113,2025-02-23,Medan,Elektronik,Wireless Earbuds,750000,1,750000,Transfer Bank,Dibatalkan
TRX-2026-0114,2025-10-30,Denpasar,Peralatan Rumah,Set Alat Masak,600000,5,3000000,QRIS,Selesai
TRX-2026-0115,2026-03-11,Denpasar,Pakaian & Fashion,Tas Ransel Laptop,350000,2,700000,QRIS,Selesai
TRX-2026-0116,2025-12-01,Bandung,Peralatan Rumah,Vacuum Cleaner Robot,2400000,4,9600000,Transfer Bank,Diproses
TRX-2026-0117,2026-04-26,Yogyakarta,Peralatan Rumah,Kipas Angin Digital,380000,2,760000,E-Wallet,Selesai
TRX-2026-0118,2025-05-13,Semarang,Kecantikan & Kesehatan,Sunscreen SPF 50,120000,1,120000,QRIS,Selesai
TRX-2026-0119,2026-05-23,Medan,Kecantikan & Kesehatan,Diffuser Aromaterapi,220000,2,440000,COD,Selesai
TRX-2026-0120,2025-07-24,Makassar,Peralatan Rumah,Blender Multi-fungsi,450000,3,1350000,E-Wallet,Dibatalkan
TRX-2026-0121,2025-07-02,Yogyakarta,Peralatan Rumah,Blender Multi-fungsi,450000,4,1800000,Kartu Kredit,Selesai
TRX-2026-0122,2025-07-14,Yogyakarta,Peralatan Rumah,Blender Multi-fungsi,450000,5,2250000,QRIS,Dalam Pengiriman
TRX-2026-0123,2025-02-20,Bandung,Elektronik,Monitor 27-inch,3200000,2,6400000,Kartu Kredit,Selesai
TRX-2026-0124,2026-06-18,Semarang,Pakaian & Fashion,Kemeja Formal,250000,5,1250000,Transfer Bank,Selesai
TRX-2026-0125,2025-12-12,Makassar,Pakaian & Fashion,Kemeja Formal,250000,2,500000,COD,Selesai
TRX-2026-0126,2025-03-14,Surabaya,Elektronik,Smartphone 5G,4500000,3,13500000,COD,Selesai
TRX-2026-0127,2025-01-26,Medan,Elektronik,Smartphone 5G,4500000,3,13500000,COD,Selesai
TRX-2026-0128,2025-10-30,Denpasar,Kecantikan & Kesehatan,Sunscreen SPF 50,120000,4,480000,QRIS,Dalam Pengiriman
TRX-2026-0129,2026-06-10,Bandung,Kecantikan & Kesehatan,Paket Skincare Set,450000,3,1350000,E-Wallet,Dibatalkan
TRX-2026-0130,2026-05-23,Semarang,Pakaian & Fashion,Jaket Denim,450000,3,1350000,E-Wallet,Dibatalkan
TRX-2026-0131,2025-07-11,Jakarta,Peralatan Rumah,Set Alat Masak,600000,4,2400000,QRIS,Dibatalkan
TRX-2026-0132,2025-09-30,Denpasar,Pakaian & Fashion,Jaket Denim,450000,4,1800000,Transfer Bank,Selesai
TRX-2026-0133,2026-06-09,Medan,Elektronik,Smartwatch,1800000,2,3600000,E-Wallet,Selesai
TRX-2026-0134,2025-04-19,Surabaya,Peralatan Rumah,Kipas Angin Digital,380000,2,760000,Transfer Bank,Selesai
TRX-2026-0135,2026-08-18,Surabaya,Elektronik,Monitor 27-inch,3200000,4,12800000,QRIS,Selesai
TRX-2026-0136,2026-03-19,Yogyakarta,Peralatan Rumah,Set Alat Masak,600000,5,3000000,Transfer Bank,Selesai
TRX-2026-0137,2026-03-13,Makassar,Elektronik,Smartwatch,1800000,3,5400000,Transfer Bank,Dibatalkan
TRX-2026-0138,2025-08-31,Denpasar,Kecantikan & Kesehatan,Diffuser Aromaterapi,220000,4,880000,QRIS,Selesai
TRX-2026-0139,2025-03-16,Medan,Peralatan Rumah,Air Fryer 4L,850000,3,2550000,Transfer Bank,Selesai
TRX-2026-0140,2026-01-27,Surabaya,Peralatan Rumah,Set Alat Masak,600000,4,2400000,COD,Diproses
TRX-2026-0141,2026-02-14,Makassar,Kecantikan & Kesehatan,Paket Skincare Set,450000,4,1800000,Transfer Bank,Selesai
TRX-2026-0142,2025-04-23,Medan,Peralatan Rumah,Air Fryer 4L,850000,2,1700000,COD,Diproses
TRX-2026-0143,2025-05-19,Denpasar,Kecantikan & Kesehatan,Diffuser Aromaterapi,220000,3,660000,E-Wallet,Selesai
TRX-2026-0144,2025-01-10,Semarang,Peralatan Rumah,Vacuum Cleaner Robot,2400000,4,9600000,QRIS,Dalam Pengiriman
TRX-2026-0145,2025-06-17,Surabaya,Kecantikan & Kesehatan,Serum Wajah Vitamin C,150000,5,750000,Transfer Bank,Selesai
TRX-2026-0146,2026-07-04,Denpasar,Peralatan Rumah,Air Fryer 4L,850000,5,4250000,Kartu Kredit,Selesai
TRX-2026-0147,2025-11-30,Semarang,Kecantikan & Kesehatan,Paket Skincare Set,450000,1,450000,QRIS,Selesai
TRX-2026-0148,2026-07-01,Jakarta,Kecantikan & Kesehatan,Vitamin Multivitamin,180000,5,900000,E-Wallet,Selesai
TRX-2026-0149,2025-08-17,Makassar,Kecantikan & Kesehatan,Paket Skincare Set,450000,5,2250000,COD,Dalam Pengiriman
TRX-2026-0150,2026-01-14,Makassar,Pakaian & Fashion,Tas Ransel Laptop,350000,1,350000,COD,Selesai
